{
  "project_info": {
    "project_number": "593978298013",
    "project_id": "popfun-c451c",
    "storage_bucket": "popfun-c451c.appspot.com"
  },
  "client": [
    {
      "client_info": {
        "mobilesdk_app_id": "1:593978298013:android:76be4dbb34bd1180f5ce74",
        "android_client_info": {
          "package_name": "com.example.popfun"
        }
      },
      "oauth_client": [
        {
          "client_id": "593978298013-a9v7fv71te441o7p3gl3gub34teujvqr.apps.googleusercontent.com",
          "client_type": 3
        }
      ],
      "api_key": [
        {
          "current_key": "AIzaSyBcPhdqYHyunWkqpuqj6mSyijPRpsmayTE"
        }
      ],
      "services": {
        "appinvite_service": {
          "other_platform_oauth_client": [
            {
              "client_id": "593978298013-a9v7fv71te441o7p3gl3gub34teujvqr.apps.googleusercontent.com",
              "client_type": 3
            }
          ]
        }
      }
    }
  ],
  "configuration_version": "1"
}