<?xml version="1.0" encoding="UTF-8"?>
<project-private xmlns="http://www.netbeans.org/ns/project-private/1">
    <editor-bookmarks xmlns="http://www.netbeans.org/ns/editor-bookmarks/2" lastBookmarkId="0"/>
    <open-files xmlns="http://www.netbeans.org/ns/projectui-open-files/2">
        <group>
            <file>file:/C:/Users/dpmoreno/Desktop/Proyecto%20Semana/src/strore/Cart.java</file>
            <file>file:/C:/Users/dpmoreno/Desktop/Proyecto%20Semana/src/strore/Item.java</file>
            <file>file:/C:/Users/dpmoreno/Desktop/Proyecto%20Semana/src/strore/MainStore.java</file>
            <file>file:/C:/Users/dpmoreno/Desktop/Proyecto%20Semana/src/strore/bases/MostradorAlCorte.java</file>
            <file>file:/C:/Users/dpmoreno/Desktop/Proyecto%20Semana/src/strore/bases/Refrigerador.java</file>
            <file>file:/C:/Users/dpmoreno/Desktop/Proyecto%20Semana/src/strore/bases/Congelador.java</file>
        </group>
    </open-files>
</project-private>
